Strategy,Base,-1%,+1%,Δ-1%,Δ+1%
Original,371.6235015519377,370.6027891153194,402.45000881824853,-1.0207124366182825,30.82650726631084
Delta Hedge,687.5537538520779,654.1505710318692,662.5960377532929,-33.40318282020871,-24.957716098785
Delta-Gamma Hedge,71.52258392335227,48.52171794589651,73.88737435346752,-23.00086597745576,2.3647904301152494
Vega Hedge,-28.902975682846318,1.355839959807156,-14.9505096692493,30.258815642653474,13.952466013597018
