Strategy,Base,-1%,+1%,Δ-1%,Δ+1%
Original,410.0100948341851,417.8771560225998,438.70735671882903,7.867061188414709,28.697261884643922
Delta Hedge,674.2456562588065,645.6972193464858,658.6473912845979,-28.548436912320767,-15.598264974208632
Delta-Gamma Hedge,-877.7002912933738,-865.4611270828409,-923.5718192925435,12.239164210532863,-45.87152799916976
Vega Hedge,-70.44353317542192,-58.50333840461826,-50.41121059981219,11.940194770803657,20.032322575609726
