Strategy,Base,-20%,+20%,Δ-20%,Δ+20%
Original,9.981157604284483,8.590174516599875,11.390305579920325,-1.3909830876846083,1.4091479756358414
Delta Hedge,3.590761847482593,3.090350051599577,4.097708535329552,-0.5004117958830161,0.5069466878469591
