Strategy,Base,-20%,+20%,Δ-20%,Δ+20%
Original,424.77139548086325,313.8410721532871,534.9955911791578,-110.93032332757616,110.22419569829458
Delta Hedge,665.3036487387529,510.47281136292145,819.4959274319851,-154.8308373758315,154.1922786932322
Delta-Gamma Hedge,-1754.331985026171,-1467.5453402792557,-2042.436899477693,286.7866447469153,-288.10491445152206
Vega Hedge,161.67102194844983,98.76021147845739,223.80179596840776,-62.91081046999244,62.130774019957926
