Strategy,Base,-10%,+10%,Δ-10%,Δ+10%
Original,371.82793864135965,272.4809579175636,472.4981658834506,-99.34698072379604,100.67022724209096
Delta Hedge,374.78096226587854,274.89822416803065,475.9870659510031,-99.88273809784789,101.20610368512456
Gamma-Delta Hedge,-33.67261600326219,-59.45096800566773,-6.587379017796707,-25.77835200240554,27.085236985465485
Vega Hedge,-509.9131417382946,-449.28874524987714,-569.2498689686065,60.62439648841746,-59.33672723031191
