Strategy,Base,-20%,+20%,Δ-20%,Δ+20%
Original,364.2380310442014,316.4201282734268,523.149520992554,-47.817902770774595,158.9114899483526
Delta Hedge,596.5613436785275,413.4511005451806,727.9341923842157,-183.11024313334684,131.37284870568828
Delta-Gamma Hedge,1075.5120156437497,853.4291132699251,1249.5264856884987,-222.0829023738246,174.01447004474903
Vega Hedge,102.51553345854575,27.171891286984703,87.32205181132076,-75.34364217156104,-15.193481647224985
