Strategy,Base,-1%,+1%,Δ-1%,Δ+1%
Original,406.87979043843643,408.4965113352979,366.9520555845859,1.616720896861466,-39.92773485385055
Delta Hedge,668.3292721445298,612.119276647829,645.0472966875639,-56.2099954967008,-23.281975456965938
Delta-Gamma Hedge,-723.5625016258898,-673.1554909903011,-723.4470171234739,50.40701063558868,0.11548450241593855
Vega Hedge,-39.704647772296255,10.323097317452493,1.8467771437433385,50.02774508974875,41.55142491603959
