Strategy,Base,-1%,+1%,Δ-1%,Δ+1%
Original,405.4616491716072,410.10892594184077,407.50888079093625,4.647276770233589,2.047231619329068
Delta Hedge,614.1813562360336,618.5536996940242,616.5052978818198,4.37234345799061,2.323941645786249
Delta-Gamma Hedge,9231.976252416034,9224.996917930617,9245.725230476752,-6.9793344854169845,13.74897806071749
Vega Hedge,9772.43546218164,9764.74421485022,9786.900953715554,-7.691247331420527,14.465491533914246
