Strategy,Base,-10%,+10%,Δ-10%,Δ+10%
Original,371.82793864135965,373.0436650313269,372.7098662259707,1.2157263899672444,0.8819275846110486
Delta Hedge,374.7809622248167,375.99279878297864,375.6668047786724,1.2118365581619628,0.8858425538556958
Gamma-Delta Hedge,-33.672616030365646,-31.922749322839138,-33.328280562904354,1.7498667075265075,0.34433546746129196
Vega Hedge,-509.91314174912316,-507.53595341968685,-510.2001818729997,2.377188329436308,-0.28704012387652256
