Strategy,Base,-1%,+1%,Δ-1%,Δ+1%
Original,-498.9716665341964,-496.72990185510764,-501.3181961207275,2.24176467908876,-2.346529586531119
Delta Hedge,-1717.6712093305853,-1715.426617903513,-1720.019941898643,2.244591427072237,-2.3487325680578124
Delta-Gamma Hedge,-309.0220211599876,-306.7806970651103,-311.3682073841517,2.2413240948773137,-2.3461862241640574
Vega Hedge,-155.57410353019532,-153.33313535453885,-157.92001237431947,2.2409681756564623,-2.3459088441241533
