Strategy,Base,-20%,+20%,Δ-20%,Δ+20%
Original,382.9504597371099,296.3375452685134,553.1677579873708,-86.6129144685965,170.2172982502609
Delta Hedge,614.9771174202571,503.41684903325836,806.9127112674911,-111.5602683869987,191.93559384723403
Delta-Gamma Hedge,49.57992463899802,16.34458811679781,52.174373232644825,-33.235336522200214,2.5944485936468027
Vega Hedge,-13.452032882709943,-72.96380589468919,49.283108044992446,-59.511773011979244,62.73514092770239
