Strategy,Base,Spot Low,Spot High,ΔSpot Low,ΔSpot High
Original,405.4616491716072,2657.5401776972767,503.0642023494272,2252.0785285256698,97.60255317782003
Delta Hedge,587.0174281797998,2832.7003461951595,1541.2698832081524,2245.6829180153595,954.2524550283525
Gamma-Delta Hedge,-1240.4104641731722,1069.6467034475302,-8908.664729531052,2310.0571676207023,-7668.25426535788
Vega Hedge,15430.341898186696,17153.143514891177,86421.10059845677,1722.8016167044807,70990.75870027007
