Strategy,Base,-10%,+10%,Δ-10%,Δ+10%
Original,-498.9716665341846,-7764.175036065717,4670.359092971186,-7265.203369531532,5169.330759505371
Delta Hedge,-1717.6712093305803,-8983.185599389722,-2956.2371884643944,-7265.514390059142,-1238.5659791338142
Delta-Gamma Hedge,-309.02202115997477,-7574.176914232094,5859.060005869601,-7265.154893072119,6168.082027029575
Vega Hedge,-155.57410353018162,-7420.689835635528,6819.333869027134,-7265.115732105346,6974.907972557316
