Strategy,Base,Risk-free Low,Risk-free High,ΔRisk-free Low,ΔRisk-free High
Original,405.4616491716072,410.10892594184077,407.50888079093625,4.647276770233589,2.047231619329068
Delta Hedge,587.0174281797998,591.4255529677812,589.3053572642577,4.4081247879813645,2.2879290844579145
Gamma-Delta Hedge,-1240.4104641731722,-1233.5951838252477,-1240.5452465209685,6.815280347924499,-0.13478234779631748
Vega Hedge,15430.341898186696,15415.1978473865,15452.308355784711,-15.144050800196055,21.96645759801504
