Strategy,Base,-10%,+10%,Δ-10%,Δ+10%
Original,424.77139548086325,2639.097301662705,493.32263003025037,2214.3259061818417,68.55123454938712
Delta Hedge,665.3036486906944,2881.8482427439067,1825.8848060553069,2216.544594053212,1160.5811573646124
Delta-Gamma Hedge,-1754.3319849910063,439.89370520650345,-11579.032339895524,2194.2256901975097,-9824.700354904518
Vega Hedge,161.6710219177138,2373.5700701626765,-964.2681987658677,2211.8990482449626,-1125.9392206835814
