Strategy,Base,-10%,+10%,Δ-10%,Δ+10%
Original,412.05000003848227,2688.4185497832027,447.38176034231856,2276.3685497447204,35.33176030383629
Delta Hedge,661.8848708766866,2938.2534206128153,1822.9398551252941,2276.3685497361284,1161.0549842486075
Delta-Gamma Hedge,32.09632832275224,2308.464878080539,-1644.5934191735878,2276.368549757787,-1676.68974749634
Vega Hedge,22.667106354202986,2299.035656112314,-1696.509481022068,2276.368549758111,-1719.176587376271
