Strategy,Base,-20%,+20%,Δ-20%,Δ+20%
Original,-1859.2217916777972,-1531.6443071008337,-2186.025619460569,327.57748457696357,-326.8038277827718
Delta Hedge,-1702.649099432368,-1403.8017489645376,-2000.701964514163,298.84735046783044,-298.05286508179483
Delta-Gamma Hedge,-813.1768107550718,-677.5422004756715,-947.8986107030589,135.63461027940025,-134.72179994798717
Vega Hedge,-787.4860578989931,-656.5655440838904,-917.490343786691,130.9205138151027,-130.00428588769796
