Strategy,Base,-1%,+1%,Δ-1%,Δ+1%
Original,407.73984904292,409.96145579391737,405.4222433809723,2.2216067509973527,-2.3176056619477095
Delta Hedge,654.4611488247307,656.6697421503402,652.1563979073087,2.208593325609513,-2.304750917421984
Delta-Gamma Hedge,96.50527795680898,98.74330091456494,94.17145626121356,2.238022957755959,-2.333821695595418
Vega Hedge,17.151448823328337,19.39365733432021,14.81349261157419,2.2422085109918726,-2.337956211754147
