Strategy,Base,-20%,+20%,Δ-20%,Δ+20%
Original,406.87979043843643,284.4279627834635,519.3690502852469,-122.45182765497293,112.48925984681046
Delta Hedge,615.0310456381197,501.24120818906545,807.4176094600809,-113.78983744905429,192.3865638219612
Delta-Gamma Hedge,-721.3561709853675,-602.4413394221928,-837.887533811109,118.91483156317474,-116.53136282574155
Vega Hedge,-17.7495242542783,-52.608700022509026,38.412330300440544,-34.85917576823073,56.16185455471884
