Strategy,Base,-10%,+10%,Δ-10%,Δ+10%
Original,364.2380310442014,2699.4880869361173,421.7573523453059,2335.250055891916,57.51932130110447
Delta Hedge,623.9534228911424,2754.183144078758,1436.8643404891181,2130.2297211876153,812.9109175979758
Delta-Gamma Hedge,1025.7406561566654,3270.3165380564883,4079.1785807028027,2244.575881899823,3053.4379245461373
Vega Hedge,30.858962512116932,2330.6493630591413,-1389.7723080576468,2299.7904005470245,-1420.6312705697637
