Strategy,Base,-1%,+1%,Δ-1%,Δ+1%
Original,364.2380310442014,385.5131016571429,358.3379704922338,21.275070612941477,-5.900060551967613
Delta Hedge,630.3043194798099,612.1806560286493,555.8766232338091,-18.12366345116061,-74.42769624600078
Delta-Gamma Hedge,1011.3862642232792,1028.4016451655752,1099.5890388857224,17.01538094229602,88.20277466244318
Vega Hedge,26.85225334729222,93.19723369911225,81.2866540018137,66.34498035182003,54.43440065452148
