Strategy,Base,-1%,+1%,Δ-1%,Δ+1%
Original,424.77139548086325,425.3478768758828,421.84050815883734,0.5764813950195276,-2.93088732202591
Delta Hedge,585.0525383886503,585.6244592141256,582.1462855811849,0.5719208254753312,-2.906252807465421
Delta-Gamma Hedge,-525.7830366237698,-525.1795085686473,-528.8600200278016,0.6035280551225242,-3.0769834040318074
Vega Hedge,-215.97622539516567,-215.38151244756125,-219.00559283974212,0.5947129476044211,-3.029367444576451
