Strategy,Base,-1%,+1%,Δ-1%,Δ+1%
Original,412.05000003848227,412.0500000424181,412.0499999160984,3.935838321922347e-09,-1.2238388080731966e-07
Delta Hedge,661.8848708766866,661.8848708724332,661.88487081715,-4.2533656596788205e-09,-5.953654635959538e-08
Delta-Gamma Hedge,32.09632832275224,32.09632833914236,32.09632810478894,1.639011770748766e-08,-2.1796330429424415e-07
Vega Hedge,22.667106354202986,22.667106370902218,22.667106133867776,1.6699232219252735e-08,-2.203352096330491e-07
