Strategy,Base,-10%,+10%,Δ-10%,Δ+10%
Original,405.4616491716072,2657.5401776972767,503.0642023494272,2252.0785285256698,97.60255317782003
Delta Hedge,614.1813562360336,2858.9073787742745,1696.6036576353877,2244.726022538241,1082.4223013993542
Delta-Gamma Hedge,9231.976252416034,11173.125820848589,50976.46501245169,1941.1495684325546,41744.48876003566
Vega Hedge,9772.43546218164,11694.546437509347,54067.01836699817,1922.110975327707,44294.58290481653
