Strategy,Base,-20%,+20%,Δ-20%,Δ+20%
Original,405.4616491716072,302.6774017991976,514.053421186858,-102.7842473724096,108.59177201525085
Delta Hedge,862.3985082304125,676.7137129371935,1053.909264929479,-185.68479529321905,191.5107566990664
Gamma-Delta Hedge,-106.89966797279237,-116.72789078755915,-91.28459375257978,-9.828222814766775,15.615074220212591
Vega Hedge,-1465.3243746252688,-1228.698081433734,-1696.2186271931446,236.62629319153484,-230.8942525678758
