Strategy,Base,-20%,+20%,Δ-20%,Δ+20%
Original,407.73984908132934,300.40635081441997,515.2442703481754,-107.33349826690937,107.50442126684607
Delta Hedge,654.4611488716215,502.12144820329746,807.013584648748,-152.33970066832404,152.55243577712645
Delta-Gamma Hedge,96.50527798451913,45.94631078974086,147.18242294085962,-50.55896719477826,50.6771449563405
Vega Hedge,17.15144884831051,-18.93201704817244,53.3396443324624,-36.08346589648295,36.18819548415189
