Strategy,Base,-20%,+20%,Δ-20%,Δ+20%
Original,412.05000007696526,305.06712686884157,519.3865712078878,-106.98287320812369,107.3365711309225
