Strategy,Base,-10%,+10%,Δ-10%,Δ+10%
Original,405.4616491716072,410.10892594184077,407.50888079093625,4.647276770233589,2.047231619329068
Delta Hedge,369.8586129390584,374.55278734447455,371.8586438544557,4.694174405416163,2.0000309153973035
Gamma-Delta Hedge,1445.673090173048,1448.9501619878902,1449.0993814863991,3.277071814842202,3.4262913133511574
Vega Hedge,-544.6016924243473,-538.7029571070539,-543.8140067103215,5.898735317293472,0.7876857140258835
