Strategy,Base,-10%,+10%,Δ-10%,Δ+10%
Original,371.82793864135965,373.0436650313269,372.7098662259707,1.2157263899672444,0.8819275846110486
Delta Hedge,571.6705095115553,572.6229958811659,572.8173782646384,0.9524863696105967,1.1468687530830266
Gamma-Delta Hedge,-1335.035667191566,-1331.5715969758103,-1336.4166130086658,3.4640702157557826,-1.3809458170997004
Vega Hedge,208.8871834271078,210.31754140199098,209.5530924032202,1.4303579748831794,0.6659089761124051
