Strategy,Base,-10%,+10%,Δ-10%,Δ+10%
Original,406.87979043843643,2643.549037228244,436.60951075332946,2236.6692467898074,29.72972031489303
Delta Hedge,595.5186967933247,2870.8824585838074,1704.1675548086184,2275.363761790483,1108.6488580152936
Delta-Gamma Hedge,-716.8265563081447,1531.4831042098026,-5657.852218841235,2248.309660517947,-4941.02566253309
Vega Hedge,-17.14441375538547,2167.7920500470186,-1808.3790193045493,2184.936463802404,-1791.234605549164
