Strategy,Base,-20%,+20%,Δ-20%,Δ+20%
Original,405.4616491716072,302.6774017991976,514.053421186858,-102.7842473724096,108.59177201525085
Delta Hedge,690.4084415662609,535.9272370425734,850.708667906161,-154.48120452368744,160.30022633990018
Gamma-Delta Hedge,3439.5482958106963,2786.2997110314755,4098.726826849652,-653.2485847792209,659.1785310389555
Vega Hedge,-164.11210394877207,-163.56046312520107,-158.87920181898028,0.551640823571006,5.232902129791796
