Strategy,Base,-10%,+10%,Δ-10%,Δ+10%
Original,405.4616491716072,2657.5401776972767,503.0642023494272,2252.0785285256698,97.60255317782003
Delta Hedge,369.8586129390584,2623.1913188529206,299.47236586603316,2253.3327059138624,-70.38624707302523
Gamma-Delta Hedge,1445.673090173048,3661.1084049086844,6451.392772453515,2215.4353147356364,5005.719682280467
Vega Hedge,-544.6016924243473,1740.944430061506,-4929.762909014702,2285.546122485853,-4385.161216590354
