Strategy,Base,-10%,+10%,Δ-10%,Δ+10%
Original,405.4616491716072,2657.5401776972767,503.0642023494272,2252.0785285256698,97.60255317782003
Delta Hedge,862.3985081735393,3098.3806601809556,3116.0046738732844,2235.9821520074165,2253.6061656997454
Gamma-Delta Hedge,-106.89966799654121,2163.227657670468,-2426.814609782613,2270.1273256670092,-2319.9149417860717
Vega Hedge,-1465.324374602595,852.6557673090683,-10194.808859933204,2317.9801419116634,-8729.48448533061
