Strategy,Base,-20%,+20%,Δ-20%,Δ+20%
Original,405.4616491716072,302.6774017991976,514.053421186858,-102.7842473724096,108.59177201525085
Delta Hedge,614.1813562844244,473.52978053420145,760.6488781808454,-140.65157575022295,146.46752189642098
Delta-Gamma Hedge,9231.976252758926,7527.82656051313,10942.289608674935,-1704.1496922457964,1710.3133559160087
Vega Hedge,9772.435462543002,7970.232037678693,11580.824357948131,-1802.2034248643095,1808.388895405129
