Strategy,Base,-10%,+10%,Δ-10%,Δ+10%
Original,371.82793864135965,2643.922154284759,400.39411732952317,2272.0942156433994,28.566178688163518
Delta Hedge,571.6705095115553,2836.724931359093,1543.1706981041136,2265.0544218475375,971.5001885925583
Gamma-Delta Hedge,-1335.035667191566,997.1857164041,-9360.10759573788,2332.2213835956663,-8025.071928546314
Vega Hedge,208.8871834271078,2486.7212637682815,-531.3637073509769,2277.834080341174,-740.2508907780848
