Strategy,Base,-10%,+10%,Δ-10%,Δ+10%
Original,405.4616491716072,2657.5401776972767,503.0642023494272,2252.0785285256698,97.60255317782003
Delta Hedge,520.3601533260837,2768.391187000289,1160.0979821993349,2248.031033674205,639.7378288732511
Gamma-Delta Hedge,-909.1041879539159,1389.2821536876045,-7014.128185698643,2298.3863416415206,-6105.023997744727
Vega Hedge,237.50365751231894,2495.4987914064036,-457.3841074695997,2257.9951338940846,-694.8877649819186
