Strategy,Base,-10%,+10%,Δ-10%,Δ+10%
Original,424.33001877278116,2606.8668882393154,547.6170052860521,2182.536869466534,123.2869865132709
Delta Hedge,710.706306568831,2784.0492164295783,1879.1629091481846,2073.3429098607476,1168.4566025793536
Delta-Gamma Hedge,35.07000618725277,2180.8405079417594,-1556.3250129719872,2145.7705017545068,-1591.39501915924
Vega Hedge,-37.98296731361478,2225.747943815469,-1882.308319905506,2263.730911129084,-1844.3253525918913
