Strategy,Base,-20%,+20%,Δ-20%,Δ+20%
Original,410.0100948341851,287.18373035353443,498.17895163803973,-122.82636448065068,88.16885680385462
Delta Hedge,700.2513800741228,494.16160944525586,824.5180793317056,-206.08977062886697,124.26669925758279
Delta-Gamma Hedge,-929.3867520137617,-804.9081412609738,-1039.8609375852125,124.47861075278786,-110.47418557145079
Vega Hedge,-49.896254508011964,-70.52977973349732,-58.383307731193895,-20.633525225485357,-8.487053223181931
