Strategy,Base,-10%,+10%,Δ-10%,Δ+10%
Original,424.77139548086325,2639.097301662705,493.32263003025037,2214.3259061818417,68.55123454938712
Delta Hedge,585.0525383886503,2800.856890072221,1381.2891531004875,2215.804351683571,796.2366147118372
Delta-Gamma Hedge,-525.7830366237698,1679.7748828891558,-4772.802247495484,2205.5579195129258,-4247.019210871715
Vega Hedge,-215.97622539516567,1992.4393758023084,-3056.4551339213667,2208.415601197474,-2840.478908526201
