Strategy,Base,-10%,+10%,Δ-10%,Δ+10%
Original,405.4616491716072,410.10892594184077,407.50888079093625,4.647276770233589,2.047231619329068
Delta Hedge,520.3601533260837,524.8560815400969,522.5597115683831,4.495928214013134,2.1995582422994175
Gamma-Delta Hedge,-909.1041879539159,-902.7253164778175,-908.7997412047214,6.378871476098425,0.30444674919453973
Vega Hedge,237.50365751231894,242.37217475674655,239.32821892494155,4.868517244427608,1.8245614126226144
