Strategy,Base,-10%,+10%,Δ-10%,Δ+10%
Original,410.0100948341851,2641.1912628278865,434.1877574899877,2231.1811679937014,24.17766265580258
Delta Hedge,662.9599518754404,2888.083279963472,1884.7772121483954,2225.1233280880315,1221.817260272955
Delta-Gamma Hedge,-883.8912898595884,1272.3460674663725,-6731.0032360301375,2156.237357325961,-5847.111946170549
Vega Hedge,-58.54976977688881,2211.909554109393,-2196.2110164162777,2270.4593238862817,-2137.661246639389
