Strategy,Base,-10%,+10%,Δ-10%,Δ+10%
Original,407.73984904292,2605.413988247503,445.9063672394527,2197.674139204583,38.16651819653271
Delta Hedge,654.4611488247307,2853.2071642073943,1805.9717127255576,2198.7460153826637,1151.510563900827
Delta-Gamma Hedge,96.50527795680898,2292.8272642551065,-1269.7920942464357,2196.3219862982974,-1366.2973722032448
Vega Hedge,17.151448823328337,2213.1286838611436,-1707.234638248587,2195.9772350378153,-1724.3860870719154
