Strategy,Base,-10%,+10%,Δ-10%,Δ+10%
Original,9.981157601707269,10.026599381153337,17.6755419093652,0.045441779446068864,7.694384307657932
Delta Hedge,3.59076184655543,3.607109710639514,6.3588477447228975,0.016347864084083952,2.7680858981674676
