Strategy,Base,-10%,+10%,Δ-10%,Δ+10%
Original,405.4616491716072,302.6774017991976,514.053421186858,-102.7842473724096,108.59177201525085
Delta Hedge,369.8586129790998,273.5337070514761,471.9896069279158,-96.32490592762372,102.13099394881601
Gamma-Delta Hedge,1445.673090249854,1154.166710509294,1743.0289658149748,-291.5063797405601,297.35587556512064
Vega Hedge,-544.6016924155565,-475.01907997332216,-608.4151141957282,69.58261244223434,-63.813421780171666
