Strategy,Base,-1%,+1%,Δ-1%,Δ+1%
Original,405.4616491716072,410.10892594184077,407.50888079093625,4.647276770233589,2.047231619329068
Delta Hedge,690.4084415152652,694.6803758392396,692.8334411736419,4.271934323974392,2.4249996583766915
Gamma-Delta Hedge,3439.5482956657524,3440.198961368036,3445.617965836923,0.6506657022837317,6.069670171170401
Vega Hedge,-164.1121039705656,-158.71456360174568,-162.8199844128527,5.397540368819932,1.2921195577129083
