Strategy,Base,-1%,+1%,Δ-1%,Δ+1%
Original,405.4616491716072,410.10892594184077,407.50888079093625,4.647276770233589,2.047231619329068
Delta Hedge,862.3985081735393,866.4438908251091,865.051523559634,4.045382651569753,2.653015386094694
Gamma-Delta Hedge,-106.89966799654121,-101.5774899629078,-105.53169908614984,5.322178033633406,1.3679689103913688
Vega Hedge,-1465.324374602595,-1458.2128293392316,-1465.757336432247,7.111545263363496,-0.4329618296519584
