Strategy,Base,-20%,+20%,Δ-20%,Δ+20%
Original,424.77139548086325,313.8410721532871,534.9955911791578,-110.93032332757616,110.22419569829458
Delta Hedge,585.0525384339485,444.8686556556643,724.5753188195634,-140.18388277828416,139.52278038561496
Delta-Gamma Hedge,-525.7830366166787,-463.2238274762349,-589.3153981020505,62.55920914044384,-63.53236148537178
Vega Hedge,-215.9762253774187,-209.96110990742352,-222.8774639300209,6.01511546999518,-6.901238552602194
