Strategy,Base,-1%,+1%,Δ-1%,Δ+1%
Original,9.981157601707269,9.979942065322772,9.982389782742993,-0.0012155363844961187,0.0012321810357249774
Delta Hedge,3.59076184655543,3.5903245524211496,3.5912051286703592,-0.0004372941342802861,0.0004432821149293886
