Strategy,Base,-10%,+10%,Δ-10%,Δ+10%
Original,412.05000003848227,2688.4185497832027,447.38176034231856,2276.3685497447204,35.33176030383629
