Strategy,Base,-1%,+1%,Δ-1%,Δ+1%
Original,412.05000003848227,412.0500000424181,412.0499999160984,3.935838321922347e-09,-1.2238388080731966e-07
