Strategy,Base,-10%,+10%,Δ-10%,Δ+10%
Original,405.4616491716072,302.6774017991976,514.053421186858,-102.7842473724096,108.59177201525085
Delta Hedge,520.3601533712683,396.7302491512042,649.8022181663061,-123.62990422006413,129.44206479503782
Gamma-Delta Hedge,-909.1041879575814,-773.3910894589854,-1039.0628030256942,135.71309849859597,-129.95861506811275
Vega Hedge,237.5036575478373,165.19147482975427,315.61658792592436,-72.31218271808302,78.11293037808707
