Strategy,Base,-10%,+10%,Δ-10%,Δ+10%
Original,371.82793864135965,272.4809579175636,472.4981658834506,-99.34698072379604,100.67022724209096
Delta Hedge,571.6705095593456,436.06675001122676,708.6055789480812,-135.6037595481189,136.93506938873554
Gamma-Delta Hedge,-1335.035667208935,-1124.712011229069,-1544.1049466192558,210.32365597986586,-209.06927941032086
Vega Hedge,208.88718346250042,139.10200672614698,279.98903217428347,-69.78517673635343,71.10184871178305
