Strategy,Base,-10%,+10%,Δ-10%,Δ+10%
Original,405.4616491716072,2657.5401776972767,503.0642023494272,2252.0785285256698,97.60255317782003
Delta Hedge,690.4084415152652,2932.4492355774673,2132.4994104697244,2242.040794062202,1442.0909689544592
Gamma-Delta Hedge,3439.5482956657524,5584.74597164289,17853.137054977688,2145.197675977138,14413.588759311935
Vega Hedge,-164.1121039705656,2108.0306268729396,-2753.9772942671316,2272.142730843505,-2589.8651902965657
