Strategy,Base,Volatility Low,Volatility High,ΔVolatility Low,ΔVolatility High
Original,405.4616491716072,302.6774017991976,514.053421186858,-102.7842473724096,108.59177201525085
Delta Hedge,619.9949877142822,478.28866398040736,767.5174921672999,-141.7063237338748,147.52250445301775
Gamma-Delta Hedge,2276.329413113669,1834.1197952647135,2724.422042757728,-442.20961784895553,448.0926296440589
Vega Hedge,-2144.522756484153,-1784.6717400867278,-2498.6691370850813,359.85101639742516,-354.1463806009283
