Strategy,Base,Volatility Low,Volatility High,ΔVolatility Low,ΔVolatility High
Original,405.4616491716072,302.6774017991976,514.053421186858,-102.7842473724096,108.59177201525085
Delta Hedge,498.78138911844917,379.0664489548384,624.307619180188,-119.71494016361078,125.52623006173883
Gamma-Delta Hedge,314.8711303542686,228.5224221138198,407.02370793798343,-86.34870824044879,92.15257758371484
Vega Hedge,-328.3046444386314,-297.9640923120612,-352.8672785807928,30.340552126570174,-24.562634142161414
