Strategy,Base,Risk-free Low,Risk-free High,ΔRisk-free Low,ΔRisk-free High
Original,405.4616491716072,410.10892594184077,407.50888079093625,4.647276770233589,2.047231619329068
Delta Hedge,619.9949876656927,624.3596731934974,622.3266367298601,4.364685527804681,2.3316490641673226
Gamma-Delta Hedge,2276.3294130084764,2278.512313614549,2280.8569464436255,2.182900606072508,4.527533435149053
Vega Hedge,-2144.5227564382685,-2136.5165459637733,-2145.8561651152777,8.00621047449522,-1.3334086770091744
