Strategy,Base,Spot Low,Spot High,ΔSpot Low,ΔSpot High
Original,405.4616491716072,2657.5401776972767,503.0642023494272,2252.0785285256698,97.60255317782003
Delta Hedge,498.781389074002,2747.572571349392,1036.7023196938112,2248.79118227539,537.9209306198093
Gamma-Delta Hedge,314.8711303161063,2570.140863647768,-14.967180741255902,2255.269733331662,-329.8383110573622
Vega Hedge,-328.304644454814,1949.6220473475332,-3692.8933079385033,2277.9266918023472,-3364.5886634836893
