Strategy,Base,Risk-free Low,Risk-free High,ΔRisk-free Low,ΔRisk-free High
Original,405.4616491716072,410.10892594184077,407.50888079093625,4.647276770233589,2.047231619329068
Delta Hedge,498.781389074002,503.3057416338203,500.9523392825365,4.524352559818283,2.1709502085345207
Gamma-Delta Hedge,314.8711303161063,319.6377362659227,316.79826160939604,4.76660594981638,1.927131293289733
Vega Hedge,-328.304644454814,-322.6908236032556,-327.23020305917055,5.613820851558444,1.0744413956434755
