Strategy,Base,Spot Low,Spot High,ΔSpot Low,ΔSpot High
Original,405.4616491716072,2657.5401776972767,503.0642023494272,2252.0785285256698,97.60255317782003
Delta Hedge,619.9949876656927,2864.5162151680624,1729.8482351953153,2244.5212275023696,1109.8532475296224
Gamma-Delta Hedge,2276.3294130084764,4462.503448715689,11201.404685707159,2186.1740357072126,8925.075272698683
Vega Hedge,-2144.5227564382685,197.38330142706764,-14078.72609079166,2341.906057865336,-11934.203334353391
